-- phpMyAdmin SQL Dump
-- version 4.6.4
-- https://www.phpmyadmin.net/
--
-- Host: 127.0.0.1
-- Generation Time: Mar 02, 2018 at 04:09 PM
-- Server version: 5.7.14
-- PHP Version: 7.0.10

SET SQL_MODE = "NO_AUTO_VALUE_ON_ZERO";
SET time_zone = "+00:00";


/*!40101 SET @OLD_CHARACTER_SET_CLIENT=@@CHARACTER_SET_CLIENT */;
/*!40101 SET @OLD_CHARACTER_SET_RESULTS=@@CHARACTER_SET_RESULTS */;
/*!40101 SET @OLD_COLLATION_CONNECTION=@@COLLATION_CONNECTION */;
/*!40101 SET NAMES utf8mb4 */;

--
-- Database: `student`
--

-- --------------------------------------------------------

--
-- Table structure for table `departments`
--

CREATE TABLE `departments` (
  `id` tinyint(3) UNSIGNED NOT NULL,
  `name` varchar(191) COLLATE utf8mb4_unicode_ci NOT NULL
) ENGINE=InnoDB DEFAULT CHARSET=utf8mb4 COLLATE=utf8mb4_unicode_ci;

--
-- Dumping data for table `departments`
--

INSERT INTO `departments` (`id`, `name`) VALUES
(1, 'Ut minima expedita.');

-- --------------------------------------------------------

--
-- Table structure for table `enrollments`
--

CREATE TABLE `enrollments` (
  `id` int(10) UNSIGNED NOT NULL,
  `student_id` int(10) UNSIGNED NOT NULL,
  `student_year` tinyint(4) NOT NULL,
  `renewal` tinyint(1) NOT NULL,
  `enrollment_date` date NOT NULL,
  `created_at` timestamp NULL DEFAULT NULL,
  `updated_at` timestamp NULL DEFAULT NULL
) ENGINE=InnoDB DEFAULT CHARSET=utf8mb4 COLLATE=utf8mb4_unicode_ci;

--
-- Dumping data for table `enrollments`
--

INSERT INTO `enrollments` (`id`, `student_id`, `student_year`, `renewal`, `enrollment_date`, `created_at`, `updated_at`) VALUES
(1, 1, 1, 0, '2014-10-01', '2018-03-02 14:08:38', '2018-03-02 14:08:38'),
(2, 1, 2, 0, '2015-10-01', '2018-03-02 14:08:38', '2018-03-02 14:08:38'),
(3, 1, 3, 0, '2016-10-01', '2018-03-02 14:08:38', '2018-03-02 14:08:38'),
(4, 1, 4, 0, '2017-10-01', '2018-03-02 14:08:39', '2018-03-02 14:08:39'),
(5, 2, 1, 0, '2013-10-01', '2018-03-02 14:08:39', '2018-03-02 14:08:39'),
(6, 2, 2, 0, '2014-10-01', '2018-03-02 14:08:39', '2018-03-02 14:08:39'),
(7, 2, 3, 0, '2015-10-01', '2018-03-02 14:08:39', '2018-03-02 14:08:39'),
(8, 2, 3, 1, '2016-10-01', '2018-03-02 14:08:39', '2018-03-02 14:08:39'),
(9, 2, 3, 1, '2017-10-01', '2018-03-02 14:08:39', '2018-03-02 14:08:39'),
(10, 3, 1, 0, '2014-10-01', '2018-03-02 14:08:39', '2018-03-02 14:08:39'),
(11, 3, 2, 0, '2015-10-01', '2018-03-02 14:08:39', '2018-03-02 14:08:39'),
(12, 3, 3, 0, '2016-10-01', '2018-03-02 14:08:39', '2018-03-02 14:08:39'),
(13, 3, 3, 1, '2017-10-01', '2018-03-02 14:08:39', '2018-03-02 14:08:39'),
(14, 4, 1, 0, '2014-10-01', '2018-03-02 14:08:39', '2018-03-02 14:08:39'),
(15, 4, 1, 1, '2015-10-01', '2018-03-02 14:08:39', '2018-03-02 14:08:39'),
(16, 4, 2, 0, '2016-10-01', '2018-03-02 14:08:39', '2018-03-02 14:08:39'),
(17, 4, 3, 0, '2017-10-01', '2018-03-02 14:08:39', '2018-03-02 14:08:39'),
(18, 5, 1, 0, '2013-10-01', '2018-03-02 14:08:39', '2018-03-02 14:08:39'),
(19, 5, 1, 1, '2014-10-01', '2018-03-02 14:08:39', '2018-03-02 14:08:39'),
(20, 5, 2, 0, '2015-10-01', '2018-03-02 14:08:39', '2018-03-02 14:08:39'),
(21, 5, 3, 0, '2016-10-01', '2018-03-02 14:08:39', '2018-03-02 14:08:39'),
(22, 5, 3, 1, '2017-10-01', '2018-03-02 14:08:39', '2018-03-02 14:08:39'),
(23, 6, 1, 0, '2013-10-01', '2018-03-02 14:08:39', '2018-03-02 14:08:39'),
(24, 6, 1, 1, '2014-10-01', '2018-03-02 14:08:39', '2018-03-02 14:08:39'),
(25, 6, 1, 1, '2015-10-01', '2018-03-02 14:08:39', '2018-03-02 14:08:39'),
(26, 6, 1, 1, '2016-10-01', '2018-03-02 14:08:39', '2018-03-02 14:08:39'),
(27, 6, 2, 0, '2017-10-01', '2018-03-02 14:08:39', '2018-03-02 14:08:39');

-- --------------------------------------------------------

--
-- Table structure for table `exams`
--

CREATE TABLE `exams` (
  `id` int(10) UNSIGNED NOT NULL,
  `subject_id` int(10) UNSIGNED NOT NULL,
  `exam_date` datetime NOT NULL
) ENGINE=InnoDB DEFAULT CHARSET=utf8mb4 COLLATE=utf8mb4_unicode_ci;

--
-- Dumping data for table `exams`
--

INSERT INTO `exams` (`id`, `subject_id`, `exam_date`) VALUES
(1, 1, '2012-03-05 17:00:00'),
(2, 1, '2012-06-22 11:00:00'),
(3, 1, '2012-09-20 14:30:00'),
(4, 1, '2013-03-22 20:00:00'),
(5, 1, '2013-06-25 11:00:00'),
(6, 1, '2013-09-15 14:00:00'),
(7, 1, '2014-03-21 08:00:00'),
(8, 1, '2014-06-22 14:30:00'),
(9, 1, '2014-09-11 08:30:00'),
(10, 1, '2015-03-01 08:00:00'),
(11, 1, '2015-06-12 11:00:00'),
(12, 1, '2015-09-11 14:30:00'),
(13, 1, '2016-03-24 17:00:00'),
(14, 1, '2016-06-18 11:00:00'),
(15, 1, '2016-09-24 08:30:00'),
(16, 1, '2017-03-17 17:30:00'),
(17, 1, '2017-06-28 17:00:00'),
(18, 1, '2017-09-16 20:30:00'),
(19, 1, '2018-03-18 14:30:00'),
(20, 2, '2012-03-26 17:30:00'),
(21, 2, '2012-06-14 17:30:00'),
(22, 2, '2012-09-25 11:00:00'),
(23, 2, '2013-03-27 17:30:00'),
(24, 2, '2013-06-05 14:00:00'),
(25, 2, '2013-09-05 20:00:00'),
(26, 2, '2014-03-10 20:00:00'),
(27, 2, '2014-06-28 11:30:00'),
(28, 2, '2014-09-13 14:30:00'),
(29, 2, '2015-03-24 08:30:00'),
(30, 2, '2015-06-12 08:00:00'),
(31, 2, '2015-09-18 17:00:00'),
(32, 2, '2016-03-21 08:00:00'),
(33, 2, '2016-06-18 11:00:00'),
(34, 2, '2016-09-24 17:00:00'),
(35, 2, '2017-03-24 20:30:00'),
(36, 2, '2017-06-03 11:00:00'),
(37, 2, '2017-09-09 11:30:00'),
(38, 2, '2018-03-08 20:30:00'),
(39, 3, '2012-03-14 14:00:00'),
(40, 3, '2012-06-08 08:00:00'),
(41, 3, '2012-09-13 14:30:00'),
(42, 3, '2013-03-27 14:00:00'),
(43, 3, '2013-06-26 11:30:00'),
(44, 3, '2013-09-24 17:00:00'),
(45, 3, '2014-03-14 17:30:00'),
(46, 3, '2014-06-15 11:30:00'),
(47, 3, '2014-09-16 11:30:00'),
(48, 3, '2015-03-20 20:00:00'),
(49, 3, '2015-06-09 17:00:00'),
(50, 3, '2015-09-05 17:00:00'),
(51, 3, '2016-03-12 20:00:00'),
(52, 3, '2016-06-20 11:30:00'),
(53, 3, '2016-09-15 17:30:00'),
(54, 3, '2017-03-10 11:00:00'),
(55, 3, '2017-06-12 14:00:00'),
(56, 3, '2017-09-25 20:30:00'),
(57, 3, '2018-03-14 11:30:00'),
(58, 4, '2012-03-10 11:00:00'),
(59, 4, '2012-06-12 17:00:00'),
(60, 4, '2012-09-22 14:30:00'),
(61, 4, '2013-03-10 11:00:00'),
(62, 4, '2013-06-03 11:00:00'),
(63, 4, '2013-09-22 17:00:00'),
(64, 4, '2014-03-10 17:00:00'),
(65, 4, '2014-06-06 20:30:00'),
(66, 4, '2014-09-04 14:30:00'),
(67, 4, '2015-03-14 08:00:00'),
(68, 4, '2015-06-18 17:30:00'),
(69, 4, '2015-09-24 08:00:00'),
(70, 4, '2016-03-11 17:30:00'),
(71, 4, '2016-06-22 20:00:00'),
(72, 4, '2016-09-19 08:30:00'),
(73, 4, '2017-03-23 14:30:00'),
(74, 4, '2017-06-11 08:00:00'),
(75, 4, '2017-09-09 17:30:00'),
(76, 4, '2018-03-17 20:30:00'),
(77, 5, '2012-03-20 08:00:00'),
(78, 5, '2012-06-08 17:00:00'),
(79, 5, '2012-09-24 08:00:00'),
(80, 5, '2013-03-19 17:30:00'),
(81, 5, '2013-06-03 14:30:00'),
(82, 5, '2013-09-06 11:30:00'),
(83, 5, '2014-03-06 14:30:00'),
(84, 5, '2014-06-04 14:00:00'),
(85, 5, '2014-09-23 11:00:00'),
(86, 5, '2015-03-20 17:30:00'),
(87, 5, '2015-06-08 11:30:00'),
(88, 5, '2015-09-10 11:00:00'),
(89, 5, '2016-03-12 11:30:00'),
(90, 5, '2016-06-26 14:30:00'),
(91, 5, '2016-09-18 08:30:00'),
(92, 5, '2017-03-03 11:00:00'),
(93, 5, '2017-06-13 14:30:00'),
(94, 5, '2017-09-01 14:00:00'),
(95, 5, '2018-03-01 08:00:00'),
(96, 6, '2012-03-26 20:00:00'),
(97, 6, '2012-06-18 08:00:00'),
(98, 6, '2012-09-25 08:30:00'),
(99, 6, '2013-03-25 11:30:00'),
(100, 6, '2013-06-24 20:30:00'),
(101, 6, '2013-09-23 14:30:00'),
(102, 6, '2014-03-03 14:30:00'),
(103, 6, '2014-06-14 20:00:00'),
(104, 6, '2014-09-13 17:30:00'),
(105, 6, '2015-03-12 17:00:00'),
(106, 6, '2015-06-14 20:00:00'),
(107, 6, '2015-09-04 17:00:00'),
(108, 6, '2016-03-24 17:30:00'),
(109, 6, '2016-06-20 17:30:00'),
(110, 6, '2016-09-20 17:00:00'),
(111, 6, '2017-03-07 17:30:00'),
(112, 6, '2017-06-11 11:00:00'),
(113, 6, '2017-09-16 11:00:00'),
(114, 6, '2018-03-15 11:00:00'),
(115, 7, '2012-03-27 20:30:00'),
(116, 7, '2012-06-04 14:30:00'),
(117, 7, '2012-09-26 08:30:00'),
(118, 7, '2013-03-24 08:00:00'),
(119, 7, '2013-06-12 20:00:00'),
(120, 7, '2013-09-11 14:30:00'),
(121, 7, '2014-03-05 20:00:00'),
(122, 7, '2014-06-28 20:30:00'),
(123, 7, '2014-09-24 20:30:00'),
(124, 7, '2015-03-24 14:30:00'),
(125, 7, '2015-06-15 20:30:00'),
(126, 7, '2015-09-21 14:00:00'),
(127, 7, '2016-03-18 20:00:00'),
(128, 7, '2016-06-05 11:30:00'),
(129, 7, '2016-09-08 11:00:00'),
(130, 7, '2017-03-23 14:30:00'),
(131, 7, '2017-06-20 20:00:00'),
(132, 7, '2017-09-11 20:00:00'),
(133, 7, '2018-03-06 20:30:00'),
(134, 8, '2012-03-19 08:30:00'),
(135, 8, '2012-06-19 20:30:00'),
(136, 8, '2012-09-19 14:00:00'),
(137, 8, '2013-03-22 20:00:00'),
(138, 8, '2013-06-19 08:30:00'),
(139, 8, '2013-09-27 20:00:00'),
(140, 8, '2014-03-09 14:30:00'),
(141, 8, '2014-06-12 20:00:00'),
(142, 8, '2014-09-28 17:00:00'),
(143, 8, '2015-03-17 20:30:00'),
(144, 8, '2015-06-19 20:00:00'),
(145, 8, '2015-09-07 20:00:00'),
(146, 8, '2016-03-07 08:30:00'),
(147, 8, '2016-06-18 11:00:00'),
(148, 8, '2016-09-09 08:30:00'),
(149, 8, '2017-03-24 14:30:00'),
(150, 8, '2017-06-09 17:00:00'),
(151, 8, '2017-09-26 14:30:00'),
(152, 8, '2018-03-08 20:00:00'),
(153, 9, '2012-03-27 08:30:00'),
(154, 9, '2012-06-13 17:30:00'),
(155, 9, '2012-09-19 14:00:00'),
(156, 9, '2013-03-05 20:30:00'),
(157, 9, '2013-06-19 20:00:00'),
(158, 9, '2013-09-18 17:00:00'),
(159, 9, '2014-03-02 17:00:00'),
(160, 9, '2014-06-08 17:00:00'),
(161, 9, '2014-09-09 17:00:00'),
(162, 9, '2015-03-02 14:30:00'),
(163, 9, '2015-06-19 11:30:00'),
(164, 9, '2015-09-12 08:00:00'),
(165, 9, '2016-03-28 14:00:00'),
(166, 9, '2016-06-28 20:00:00'),
(167, 9, '2016-09-05 08:00:00'),
(168, 9, '2017-03-24 20:00:00'),
(169, 9, '2017-06-26 20:00:00'),
(170, 9, '2017-09-02 08:30:00'),
(171, 9, '2018-03-12 20:30:00'),
(172, 10, '2012-03-11 17:30:00'),
(173, 10, '2012-06-15 14:30:00'),
(174, 10, '2012-09-20 11:30:00'),
(175, 10, '2013-03-22 11:00:00'),
(176, 10, '2013-06-08 11:00:00'),
(177, 10, '2013-09-25 11:30:00'),
(178, 10, '2014-03-10 17:30:00'),
(179, 10, '2014-06-19 14:00:00'),
(180, 10, '2014-09-06 08:00:00'),
(181, 10, '2015-03-07 08:30:00'),
(182, 10, '2015-06-14 11:00:00'),
(183, 10, '2015-09-17 14:30:00'),
(184, 10, '2016-03-05 17:30:00'),
(185, 10, '2016-06-26 11:30:00'),
(186, 10, '2016-09-18 08:00:00'),
(187, 10, '2017-03-06 14:00:00'),
(188, 10, '2017-06-13 14:30:00'),
(189, 10, '2017-09-04 20:30:00'),
(190, 10, '2018-03-23 14:00:00'),
(191, 11, '2012-03-17 17:00:00'),
(192, 11, '2012-06-27 14:00:00'),
(193, 11, '2012-09-14 14:00:00'),
(194, 11, '2013-03-16 20:30:00'),
(195, 11, '2013-06-11 14:00:00'),
(196, 11, '2013-09-12 08:30:00'),
(197, 11, '2014-03-25 11:30:00'),
(198, 11, '2014-06-21 14:00:00'),
(199, 11, '2014-09-11 14:30:00'),
(200, 11, '2015-03-26 08:30:00'),
(201, 11, '2015-06-16 20:30:00'),
(202, 11, '2015-09-11 14:30:00'),
(203, 11, '2016-03-20 17:30:00'),
(204, 11, '2016-06-06 17:00:00'),
(205, 11, '2016-09-17 14:30:00'),
(206, 11, '2017-03-14 08:30:00'),
(207, 11, '2017-06-24 20:30:00'),
(208, 11, '2017-09-07 14:30:00'),
(209, 11, '2018-03-09 11:30:00'),
(210, 12, '2012-03-12 20:00:00'),
(211, 12, '2012-06-10 11:30:00'),
(212, 12, '2012-09-07 20:30:00'),
(213, 12, '2013-03-27 17:30:00'),
(214, 12, '2013-06-11 11:00:00'),
(215, 12, '2013-09-12 17:00:00'),
(216, 12, '2014-03-09 11:30:00'),
(217, 12, '2014-06-03 11:00:00'),
(218, 12, '2014-09-27 20:30:00'),
(219, 12, '2015-03-10 20:30:00'),
(220, 12, '2015-06-19 17:30:00'),
(221, 12, '2015-09-15 14:00:00'),
(222, 12, '2016-03-06 11:30:00'),
(223, 12, '2016-06-14 08:30:00'),
(224, 12, '2016-09-16 17:00:00'),
(225, 12, '2017-03-13 20:00:00'),
(226, 12, '2017-06-08 14:00:00'),
(227, 12, '2017-09-27 08:00:00'),
(228, 12, '2018-03-07 14:00:00'),
(229, 13, '2012-03-16 11:30:00'),
(230, 13, '2012-06-13 08:30:00'),
(231, 13, '2012-09-05 14:00:00'),
(232, 13, '2013-03-19 20:00:00'),
(233, 13, '2013-06-11 08:00:00'),
(234, 13, '2013-09-26 08:30:00'),
(235, 13, '2014-03-08 14:00:00'),
(236, 13, '2014-06-11 08:30:00'),
(237, 13, '2014-09-13 20:30:00'),
(238, 13, '2015-03-21 11:30:00'),
(239, 13, '2015-06-06 20:00:00'),
(240, 13, '2015-09-21 14:00:00'),
(241, 13, '2016-03-21 17:30:00'),
(242, 13, '2016-06-21 17:00:00'),
(243, 13, '2016-09-18 17:00:00'),
(244, 13, '2017-03-20 17:00:00'),
(245, 13, '2017-06-18 14:30:00'),
(246, 13, '2017-09-06 08:30:00'),
(247, 13, '2018-03-27 17:00:00'),
(248, 14, '2012-03-11 11:30:00'),
(249, 14, '2012-06-10 08:30:00'),
(250, 14, '2012-09-13 17:00:00'),
(251, 14, '2013-03-06 14:00:00'),
(252, 14, '2013-06-15 14:00:00'),
(253, 14, '2013-09-23 17:00:00'),
(254, 14, '2014-03-17 17:30:00'),
(255, 14, '2014-06-17 20:00:00'),
(256, 14, '2014-09-08 08:00:00'),
(257, 14, '2015-03-28 14:30:00'),
(258, 14, '2015-06-23 14:30:00'),
(259, 14, '2015-09-13 14:30:00'),
(260, 14, '2016-03-17 08:00:00'),
(261, 14, '2016-06-20 20:00:00'),
(262, 14, '2016-09-26 17:00:00'),
(263, 14, '2017-03-17 14:30:00'),
(264, 14, '2017-06-01 11:00:00'),
(265, 14, '2017-09-02 14:30:00'),
(266, 14, '2018-03-01 14:00:00'),
(267, 15, '2012-03-19 08:30:00'),
(268, 15, '2012-06-03 20:30:00'),
(269, 15, '2012-09-22 11:30:00'),
(270, 15, '2013-03-14 11:00:00'),
(271, 15, '2013-06-02 20:30:00'),
(272, 15, '2013-09-18 20:00:00'),
(273, 15, '2014-03-17 11:30:00'),
(274, 15, '2014-06-13 17:30:00'),
(275, 15, '2014-09-17 11:30:00'),
(276, 15, '2015-03-23 17:30:00'),
(277, 15, '2015-06-25 20:00:00'),
(278, 15, '2015-09-19 08:30:00'),
(279, 15, '2016-03-09 14:30:00'),
(280, 15, '2016-06-10 14:00:00'),
(281, 15, '2016-09-14 11:30:00'),
(282, 15, '2017-03-10 14:00:00'),
(283, 15, '2017-06-17 14:30:00'),
(284, 15, '2017-09-13 20:30:00'),
(285, 15, '2018-03-16 11:30:00'),
(286, 16, '2012-03-12 08:30:00'),
(287, 16, '2012-06-16 14:00:00'),
(288, 16, '2012-09-17 17:30:00'),
(289, 16, '2013-03-07 17:00:00'),
(290, 16, '2013-06-02 14:00:00'),
(291, 16, '2013-09-24 20:30:00'),
(292, 16, '2014-03-11 08:30:00'),
(293, 16, '2014-06-20 11:30:00'),
(294, 16, '2014-09-10 14:00:00'),
(295, 16, '2015-03-21 11:30:00'),
(296, 16, '2015-06-24 08:30:00'),
(297, 16, '2015-09-27 20:00:00'),
(298, 16, '2016-03-13 20:00:00'),
(299, 16, '2016-06-27 14:00:00'),
(300, 16, '2016-09-22 14:30:00'),
(301, 16, '2017-03-14 11:30:00'),
(302, 16, '2017-06-26 14:00:00'),
(303, 16, '2017-09-11 20:30:00'),
(304, 16, '2018-03-20 14:00:00'),
(305, 17, '2012-03-04 11:00:00'),
(306, 17, '2012-06-09 11:30:00'),
(307, 17, '2012-09-05 08:30:00'),
(308, 17, '2013-03-17 20:30:00'),
(309, 17, '2013-06-25 17:00:00'),
(310, 17, '2013-09-05 20:30:00'),
(311, 17, '2014-03-07 20:00:00'),
(312, 17, '2014-06-08 14:30:00'),
(313, 17, '2014-09-24 20:00:00'),
(314, 17, '2015-03-16 17:00:00'),
(315, 17, '2015-06-12 11:00:00'),
(316, 17, '2015-09-14 11:30:00'),
(317, 17, '2016-03-28 11:30:00'),
(318, 17, '2016-06-01 17:00:00'),
(319, 17, '2016-09-15 17:30:00'),
(320, 17, '2017-03-28 20:30:00'),
(321, 17, '2017-06-22 08:00:00'),
(322, 17, '2017-09-15 20:30:00'),
(323, 17, '2018-03-17 08:30:00'),
(324, 18, '2012-03-26 11:30:00'),
(325, 18, '2012-06-04 14:00:00'),
(326, 18, '2012-09-26 11:30:00'),
(327, 18, '2013-03-01 14:30:00'),
(328, 18, '2013-06-09 17:30:00'),
(329, 18, '2013-09-25 20:30:00'),
(330, 18, '2014-03-13 17:00:00'),
(331, 18, '2014-06-21 20:00:00'),
(332, 18, '2014-09-04 20:30:00'),
(333, 18, '2015-03-22 14:30:00'),
(334, 18, '2015-06-21 08:30:00'),
(335, 18, '2015-09-19 14:30:00'),
(336, 18, '2016-03-15 11:00:00'),
(337, 18, '2016-06-11 14:30:00'),
(338, 18, '2016-09-15 08:00:00'),
(339, 18, '2017-03-19 17:30:00'),
(340, 18, '2017-06-14 14:00:00'),
(341, 18, '2017-09-21 20:00:00'),
(342, 18, '2018-03-14 08:00:00'),
(343, 19, '2012-03-23 08:00:00'),
(344, 19, '2012-06-08 17:00:00'),
(345, 19, '2012-09-24 17:30:00'),
(346, 19, '2013-03-26 20:30:00'),
(347, 19, '2013-06-22 14:30:00'),
(348, 19, '2013-09-26 20:30:00'),
(349, 19, '2014-03-21 08:00:00'),
(350, 19, '2014-06-05 20:30:00'),
(351, 19, '2014-09-01 08:30:00'),
(352, 19, '2015-03-16 11:30:00'),
(353, 19, '2015-06-17 11:00:00'),
(354, 19, '2015-09-01 08:00:00'),
(355, 19, '2016-03-05 14:00:00'),
(356, 19, '2016-06-28 17:30:00'),
(357, 19, '2016-09-24 14:00:00'),
(358, 19, '2017-03-27 14:00:00'),
(359, 19, '2017-06-27 20:00:00'),
(360, 19, '2017-09-04 17:30:00'),
(361, 19, '2018-03-04 20:30:00'),
(362, 20, '2012-03-07 17:30:00'),
(363, 20, '2012-06-15 08:30:00'),
(364, 20, '2012-09-04 14:30:00'),
(365, 20, '2013-03-02 20:00:00'),
(366, 20, '2013-06-01 08:00:00'),
(367, 20, '2013-09-02 14:30:00'),
(368, 20, '2014-03-03 20:30:00'),
(369, 20, '2014-06-24 08:00:00'),
(370, 20, '2014-09-02 14:00:00'),
(371, 20, '2015-03-21 17:00:00'),
(372, 20, '2015-06-15 11:30:00'),
(373, 20, '2015-09-03 17:30:00'),
(374, 20, '2016-03-08 14:00:00'),
(375, 20, '2016-06-14 20:00:00'),
(376, 20, '2016-09-05 14:30:00'),
(377, 20, '2017-03-05 17:00:00'),
(378, 20, '2017-06-28 08:30:00'),
(379, 20, '2017-09-11 20:00:00'),
(380, 20, '2018-03-24 20:00:00'),
(381, 21, '2012-03-01 11:00:00'),
(382, 21, '2012-06-22 11:00:00'),
(383, 21, '2012-09-25 14:30:00'),
(384, 21, '2013-03-03 17:00:00'),
(385, 21, '2013-06-09 14:30:00'),
(386, 21, '2013-09-28 11:30:00'),
(387, 21, '2014-03-25 17:00:00'),
(388, 21, '2014-06-06 20:00:00'),
(389, 21, '2014-09-20 11:30:00'),
(390, 21, '2015-03-21 17:30:00'),
(391, 21, '2015-06-09 14:00:00'),
(392, 21, '2015-09-12 17:30:00'),
(393, 21, '2016-03-28 08:30:00'),
(394, 21, '2016-06-08 14:30:00'),
(395, 21, '2016-09-02 20:30:00'),
(396, 21, '2017-03-13 14:00:00'),
(397, 21, '2017-06-23 11:30:00'),
(398, 21, '2017-09-13 20:30:00'),
(399, 21, '2018-03-14 20:30:00'),
(400, 22, '2012-03-07 14:00:00'),
(401, 22, '2012-06-14 14:30:00'),
(402, 22, '2012-09-14 14:00:00'),
(403, 22, '2013-03-14 08:30:00'),
(404, 22, '2013-06-27 11:00:00'),
(405, 22, '2013-09-14 08:00:00'),
(406, 22, '2014-03-07 17:00:00'),
(407, 22, '2014-06-14 14:30:00'),
(408, 22, '2014-09-27 11:00:00'),
(409, 22, '2015-03-05 14:00:00'),
(410, 22, '2015-06-01 17:00:00'),
(411, 22, '2015-09-20 14:30:00'),
(412, 22, '2016-03-07 14:30:00'),
(413, 22, '2016-06-07 20:30:00'),
(414, 22, '2016-09-18 20:30:00'),
(415, 22, '2017-03-27 14:30:00'),
(416, 22, '2017-06-05 11:30:00'),
(417, 22, '2017-09-14 17:00:00'),
(418, 22, '2018-03-27 11:30:00'),
(419, 23, '2012-03-24 17:30:00'),
(420, 23, '2012-06-01 17:00:00'),
(421, 23, '2012-09-08 11:30:00'),
(422, 23, '2013-03-15 14:30:00'),
(423, 23, '2013-06-13 20:30:00'),
(424, 23, '2013-09-26 08:00:00'),
(425, 23, '2014-03-15 08:00:00'),
(426, 23, '2014-06-13 20:00:00'),
(427, 23, '2014-09-17 20:30:00'),
(428, 23, '2015-03-24 11:00:00'),
(429, 23, '2015-06-23 14:30:00'),
(430, 23, '2015-09-11 11:30:00'),
(431, 23, '2016-03-14 08:30:00'),
(432, 23, '2016-06-21 20:30:00'),
(433, 23, '2016-09-28 11:00:00'),
(434, 23, '2017-03-23 11:00:00'),
(435, 23, '2017-06-19 14:30:00'),
(436, 23, '2017-09-23 08:30:00'),
(437, 23, '2018-03-22 11:00:00'),
(438, 24, '2012-03-15 08:30:00'),
(439, 24, '2012-06-10 17:00:00'),
(440, 24, '2012-09-04 14:30:00'),
(441, 24, '2013-03-22 08:30:00'),
(442, 24, '2013-06-03 20:00:00'),
(443, 24, '2013-09-22 14:30:00'),
(444, 24, '2014-03-27 20:30:00'),
(445, 24, '2014-06-16 14:30:00'),
(446, 24, '2014-09-15 11:00:00'),
(447, 24, '2015-03-17 20:00:00'),
(448, 24, '2015-06-13 17:30:00'),
(449, 24, '2015-09-08 14:30:00'),
(450, 24, '2016-03-12 17:00:00'),
(451, 24, '2016-06-22 11:30:00'),
(452, 24, '2016-09-14 17:00:00'),
(453, 24, '2017-03-09 11:00:00'),
(454, 24, '2017-06-06 14:00:00'),
(455, 24, '2017-09-01 17:00:00'),
(456, 24, '2018-03-18 08:00:00'),
(457, 25, '2012-03-04 20:30:00'),
(458, 25, '2012-06-18 11:00:00'),
(459, 25, '2012-09-07 17:00:00'),
(460, 25, '2013-03-22 08:00:00'),
(461, 25, '2013-06-03 20:00:00'),
(462, 25, '2013-09-21 08:30:00'),
(463, 25, '2014-03-19 14:00:00'),
(464, 25, '2014-06-13 08:00:00'),
(465, 25, '2014-09-27 14:30:00'),
(466, 25, '2015-03-24 08:30:00'),
(467, 25, '2015-06-10 08:00:00'),
(468, 25, '2015-09-25 17:00:00'),
(469, 25, '2016-03-11 14:00:00'),
(470, 25, '2016-06-17 11:30:00'),
(471, 25, '2016-09-21 14:30:00'),
(472, 25, '2017-03-12 20:00:00'),
(473, 25, '2017-06-14 11:30:00'),
(474, 25, '2017-09-09 20:00:00'),
(475, 25, '2018-03-06 17:00:00'),
(476, 26, '2012-03-16 11:00:00'),
(477, 26, '2012-06-16 08:00:00'),
(478, 26, '2012-09-03 14:00:00'),
(479, 26, '2013-03-09 08:30:00'),
(480, 26, '2013-06-15 14:30:00'),
(481, 26, '2013-09-19 08:00:00'),
(482, 26, '2014-03-15 08:00:00'),
(483, 26, '2014-06-13 14:30:00'),
(484, 26, '2014-09-02 08:00:00'),
(485, 26, '2015-03-18 14:00:00'),
(486, 26, '2015-06-13 14:30:00'),
(487, 26, '2015-09-22 11:30:00'),
(488, 26, '2016-03-10 20:00:00'),
(489, 26, '2016-06-09 20:00:00'),
(490, 26, '2016-09-14 14:30:00'),
(491, 26, '2017-03-19 11:00:00'),
(492, 26, '2017-06-28 08:30:00'),
(493, 26, '2017-09-13 08:00:00'),
(494, 26, '2018-03-08 20:30:00'),
(495, 27, '2012-03-01 14:30:00'),
(496, 27, '2012-06-09 20:30:00'),
(497, 27, '2012-09-25 20:30:00'),
(498, 27, '2013-03-18 08:30:00'),
(499, 27, '2013-06-17 20:30:00'),
(500, 27, '2013-09-06 14:30:00'),
(501, 27, '2014-03-11 08:00:00'),
(502, 27, '2014-06-20 14:00:00'),
(503, 27, '2014-09-27 20:00:00'),
(504, 27, '2015-03-08 14:00:00'),
(505, 27, '2015-06-04 08:30:00'),
(506, 27, '2015-09-27 20:30:00'),
(507, 27, '2016-03-06 11:00:00'),
(508, 27, '2016-06-11 08:00:00'),
(509, 27, '2016-09-22 17:30:00'),
(510, 27, '2017-03-25 20:00:00'),
(511, 27, '2017-06-07 08:30:00'),
(512, 27, '2017-09-02 14:00:00'),
(513, 27, '2018-03-23 14:30:00'),
(514, 28, '2012-03-26 20:00:00'),
(515, 28, '2012-06-08 11:30:00'),
(516, 28, '2012-09-18 14:00:00'),
(517, 28, '2013-03-19 17:30:00'),
(518, 28, '2013-06-16 20:30:00'),
(519, 28, '2013-09-28 08:30:00'),
(520, 28, '2014-03-09 11:30:00'),
(521, 28, '2014-06-02 08:00:00'),
(522, 28, '2014-09-17 08:00:00'),
(523, 28, '2015-03-25 08:00:00'),
(524, 28, '2015-06-13 11:30:00'),
(525, 28, '2015-09-27 14:00:00'),
(526, 28, '2016-03-28 11:00:00'),
(527, 28, '2016-06-06 14:00:00'),
(528, 28, '2016-09-09 11:00:00'),
(529, 28, '2017-03-04 08:00:00'),
(530, 28, '2017-06-15 20:30:00'),
(531, 28, '2017-09-28 14:00:00'),
(532, 28, '2018-03-06 08:30:00');

-- --------------------------------------------------------

--
-- Table structure for table `exam_students`
--

CREATE TABLE `exam_students` (
  `id` int(10) UNSIGNED NOT NULL,
  `student_id` int(10) UNSIGNED NOT NULL,
  `exam_id` int(10) UNSIGNED NOT NULL
) ENGINE=InnoDB DEFAULT CHARSET=utf8mb4 COLLATE=utf8mb4_unicode_ci;

--
-- Dumping data for table `exam_students`
--

INSERT INTO `exam_students` (`id`, `student_id`, `exam_id`) VALUES
(1, 1, 88),
(2, 1, 87),
(3, 1, 11),
(4, 1, 12),
(5, 1, 147),
(6, 1, 222),
(7, 1, 282),
(8, 1, 358),
(9, 1, 283),
(10, 1, 397),
(11, 2, 104),
(12, 2, 7),
(13, 2, 259),
(14, 2, 221),
(15, 2, 145),
(16, 2, 356),
(17, 2, 357),
(18, 2, 281),
(19, 2, 374),
(20, 2, 280),
(21, 2, 283),
(22, 2, 284),
(23, 2, 358),
(24, 3, 12),
(25, 3, 124),
(26, 3, 10),
(27, 3, 87),
(28, 3, 224),
(29, 3, 148),
(30, 3, 260),
(31, 3, 284),
(32, 3, 397),
(33, 3, 358),
(34, 3, 360),
(35, 3, 398),
(36, 4, 29),
(37, 4, 67),
(38, 4, 14),
(39, 4, 34),
(40, 4, 71),
(41, 4, 32),
(42, 4, 207),
(43, 4, 151),
(44, 4, 168),
(45, 4, 170),
(46, 4, 169),
(47, 5, 9),
(48, 5, 122),
(49, 5, 121),
(50, 5, 85),
(51, 5, 8),
(52, 5, 124),
(53, 5, 86),
(54, 5, 87),
(55, 5, 88),
(56, 5, 11),
(57, 5, 260),
(58, 5, 261),
(59, 5, 224),
(60, 5, 358),
(61, 5, 397),
(62, 6, 28),
(63, 6, 64),
(64, 6, 29),
(65, 6, 68),
(66, 6, 13),
(67, 6, 15),
(68, 6, 75),
(69, 6, 73),
(70, 6, 17);

-- --------------------------------------------------------

--
-- Table structure for table `grades`
--

CREATE TABLE `grades` (
  `id` int(10) UNSIGNED NOT NULL,
  `exam_student_id` int(10) UNSIGNED NOT NULL,
  `grade` tinyint(4) NOT NULL,
  `professor_id` int(10) UNSIGNED NOT NULL
) ENGINE=InnoDB DEFAULT CHARSET=utf8mb4 COLLATE=utf8mb4_unicode_ci;

--
-- Dumping data for table `grades`
--

INSERT INTO `grades` (`id`, `exam_student_id`, `grade`, `professor_id`) VALUES
(1, 10, 7, 3),
(2, 9, 8, 6),
(3, 8, 9, 1),
(4, 7, 0, 2),
(5, 5, 7, 3),
(6, 6, 9, 4),
(7, 4, 6, 3),
(8, 1, 10, 4),
(9, 3, 0, 6),
(10, 2, 0, 2),
(11, 22, 10, 2),
(12, 21, 5, 6),
(13, 23, 9, 1),
(14, 17, 5, 3),
(15, 18, 5, 2),
(16, 16, 5, 5),
(17, 20, 0, 1),
(18, 19, 10, 6),
(19, 14, 10, 5),
(20, 13, 10, 6),
(21, 15, 8, 3),
(22, 11, 6, 6),
(23, 12, 10, 2),
(24, 31, 8, 2),
(25, 35, 7, 3),
(26, 34, 7, 3),
(27, 32, 0, 3),
(28, 33, 5, 1),
(29, 28, 8, 4),
(30, 29, 9, 4),
(31, 30, 10, 2),
(32, 24, 7, 6),
(33, 27, 9, 4),
(34, 25, 5, 5),
(35, 26, 5, 3),
(36, 43, 9, 6),
(37, 45, 9, 3),
(38, 46, 0, 3),
(39, 42, 9, 2),
(40, 44, 5, 1),
(41, 39, 10, 1),
(42, 40, 10, 1),
(43, 38, 6, 2),
(44, 41, 5, 1),
(45, 36, 0, 1),
(46, 37, 0, 4),
(47, 61, 8, 3),
(48, 60, 7, 1),
(49, 59, 8, 4),
(50, 58, 6, 2),
(51, 57, 5, 1),
(52, 55, 9, 4),
(53, 56, 8, 6),
(54, 54, 5, 4),
(55, 52, 7, 5),
(56, 53, 5, 2),
(57, 50, 0, 1),
(58, 47, 0, 2),
(59, 48, 5, 1),
(60, 51, 0, 2),
(61, 49, 0, 1),
(62, 68, 7, 2),
(63, 70, 7, 1),
(64, 69, 0, 5),
(65, 67, 0, 2),
(66, 66, 5, 4),
(67, 65, 5, 5),
(68, 64, 10, 4),
(69, 62, 0, 2),
(70, 63, 0, 6);

-- --------------------------------------------------------

--
-- Table structure for table `migrations`
--

CREATE TABLE `migrations` (
  `id` int(10) UNSIGNED NOT NULL,
  `migration` varchar(191) COLLATE utf8mb4_unicode_ci NOT NULL,
  `batch` int(11) NOT NULL
) ENGINE=InnoDB DEFAULT CHARSET=utf8mb4 COLLATE=utf8mb4_unicode_ci;

--
-- Dumping data for table `migrations`
--

INSERT INTO `migrations` (`id`, `migration`, `batch`) VALUES
(1, '2014_10_12_100000_create_password_resets_table', 1),
(2, '2017_12_20_130742_create_roles_table', 1),
(3, '2017_12_21_000000_create_users_table', 1),
(4, '2017_12_22_130613_create_departments_table', 1),
(5, '2017_12_22_131047_create_modules_table', 1),
(6, '2017_12_22_132503_create_titles_table', 1),
(7, '2017_12_23_105038_create_students_table', 1),
(8, '2017_12_23_105732_create_professors_table', 1),
(9, '2017_12_23_141853_create_enrollments_table', 1),
(10, '2017_12_23_141853_create_professor_history_table', 1),
(11, '2017_12_23_141853_create_subjects_table', 1),
(12, '2017_12_23_141854_create_exams_table', 1),
(13, '2017_12_23_141854_create_module_subject_table', 1),
(14, '2017_12_23_141854_create_professor_subject_table', 1),
(15, '2017_12_23_141854_create_student_subject_table', 1),
(16, '2017_12_23_141855_create_exam_student_table', 1),
(17, '2017_12_23_141855_create_grades_table', 1),
(18, '2017_12_23_141855_create_options_table', 1);

-- --------------------------------------------------------

--
-- Table structure for table `modules`
--

CREATE TABLE `modules` (
  `id` tinyint(3) UNSIGNED NOT NULL,
  `department_id` tinyint(3) UNSIGNED NOT NULL,
  `name` varchar(191) COLLATE utf8mb4_unicode_ci NOT NULL
) ENGINE=InnoDB DEFAULT CHARSET=utf8mb4 COLLATE=utf8mb4_unicode_ci;

--
-- Dumping data for table `modules`
--

INSERT INTO `modules` (`id`, `department_id`, `name`) VALUES
(1, 1, 'Aperiam sapiente id.'),
(2, 1, 'Ut omnis.');

-- --------------------------------------------------------

--
-- Table structure for table `module_subject`
--

CREATE TABLE `module_subject` (
  `id` int(10) UNSIGNED NOT NULL,
  `module_id` tinyint(3) UNSIGNED NOT NULL,
  `subject_id` int(10) UNSIGNED NOT NULL,
  `status` varchar(1) COLLATE utf8mb4_unicode_ci NOT NULL
) ENGINE=InnoDB DEFAULT CHARSET=utf8mb4 COLLATE=utf8mb4_unicode_ci;

--
-- Dumping data for table `module_subject`
--

INSERT INTO `module_subject` (`id`, `module_id`, `subject_id`, `status`) VALUES
(1, 1, 1, 'O'),
(2, 2, 1, 'O'),
(3, 1, 2, 'O'),
(4, 1, 3, 'I'),
(5, 1, 4, 'I'),
(6, 2, 5, 'O'),
(7, 2, 6, 'I'),
(8, 2, 7, 'I'),
(9, 1, 8, 'O'),
(10, 2, 8, 'O'),
(11, 1, 9, 'O'),
(12, 1, 10, 'I'),
(13, 1, 11, 'I'),
(14, 2, 12, 'O'),
(15, 2, 13, 'I'),
(16, 2, 14, 'I'),
(17, 1, 15, 'O'),
(18, 2, 15, 'O'),
(19, 1, 16, 'O'),
(20, 1, 17, 'I'),
(21, 1, 18, 'I'),
(22, 2, 19, 'O'),
(23, 2, 20, 'I'),
(24, 2, 21, 'I'),
(25, 1, 22, 'O'),
(26, 2, 22, 'O'),
(27, 1, 23, 'O'),
(28, 1, 24, 'I'),
(29, 1, 25, 'I'),
(30, 2, 26, 'O'),
(31, 2, 27, 'I'),
(32, 2, 28, 'I');

-- --------------------------------------------------------

--
-- Table structure for table `options`
--

CREATE TABLE `options` (
  `id` int(10) UNSIGNED NOT NULL,
  `role_id` tinyint(3) UNSIGNED NOT NULL,
  `href` varchar(191) COLLATE utf8mb4_unicode_ci NOT NULL,
  `description` varchar(191) COLLATE utf8mb4_unicode_ci NOT NULL
) ENGINE=InnoDB DEFAULT CHARSET=utf8mb4 COLLATE=utf8mb4_unicode_ci;

--
-- Dumping data for table `options`
--

INSERT INTO `options` (`id`, `role_id`, `href`, `description`) VALUES
(1, 1, '/admin', 'Admin1'),
(2, 1, '/admin/admin2', 'Admin2'),
(3, 2, '/professor', 'Početna'),
(4, 2, '/professor/personal', 'O profesoru'),
(5, 2, '/professor/previous_titles', 'Prethodna zvanja'),
(6, 3, '/student', 'Početna'),
(7, 3, '/student/personal', 'O studentu'),
(8, 3, '/student/subjects', 'Moji predmeti'),
(9, 3, '/student/subjects/create', 'Izbor predmeta'),
(10, 3, '/student/grades', 'Ocene'),
(11, 3, '/student/unqualified_exams', 'Nepoloženi ispiti'),
(12, 3, '/student/failed_exams', 'Neuspešna polaganja'),
(13, 3, '/student/examinations', 'Prijava ispita'),
(14, 3, '/student/enrollments', 'Upisi');

-- --------------------------------------------------------

--
-- Table structure for table `password_resets`
--

CREATE TABLE `password_resets` (
  `email` varchar(191) COLLATE utf8mb4_unicode_ci NOT NULL,
  `token` varchar(191) COLLATE utf8mb4_unicode_ci NOT NULL,
  `created_at` timestamp NULL DEFAULT NULL
) ENGINE=InnoDB DEFAULT CHARSET=utf8mb4 COLLATE=utf8mb4_unicode_ci;

-- --------------------------------------------------------

--
-- Table structure for table `professors`
--

CREATE TABLE `professors` (
  `id` int(10) UNSIGNED NOT NULL,
  `user_id` int(10) UNSIGNED NOT NULL,
  `first_name` varchar(191) COLLATE utf8mb4_unicode_ci NOT NULL,
  `last_name` varchar(191) COLLATE utf8mb4_unicode_ci NOT NULL,
  `parent_name` varchar(191) COLLATE utf8mb4_unicode_ci NOT NULL,
  `date_of_birth` date NOT NULL,
  `jmbg` varchar(13) COLLATE utf8mb4_unicode_ci NOT NULL,
  `street_address` varchar(191) COLLATE utf8mb4_unicode_ci NOT NULL,
  `gender` varchar(1) COLLATE utf8mb4_unicode_ci NOT NULL,
  `title_id` tinyint(3) UNSIGNED NOT NULL,
  `from_date` date NOT NULL,
  `department_id` tinyint(3) UNSIGNED NOT NULL,
  `created_at` timestamp NULL DEFAULT NULL,
  `updated_at` timestamp NULL DEFAULT NULL
) ENGINE=InnoDB DEFAULT CHARSET=utf8mb4 COLLATE=utf8mb4_unicode_ci;

--
-- Dumping data for table `professors`
--

INSERT INTO `professors` (`id`, `user_id`, `first_name`, `last_name`, `parent_name`, `date_of_birth`, `jmbg`, `street_address`, `gender`, `title_id`, `from_date`, `department_id`, `created_at`, `updated_at`) VALUES
(1, 5, 'Abbigail', 'Effertz', 'Brielle', '1959-08-28', '2808959616055', '5934 Fatima Harbor Suite 752\nEast Webstertown, MI 16108', 'ž', 3, '2014-09-12', 1, '2018-03-02 14:08:34', '2018-03-02 14:08:34'),
(2, 17, 'Reed', 'Feest', 'Aaron', '1958-11-10', '1011958481280', '30438 Dickens Mountains\nPort Adaline, NE 30241-1821', 'm', 2, '2013-12-31', 1, '2018-03-02 14:08:34', '2018-03-02 14:08:34'),
(3, 8, 'Rosemary', 'Hyatt', 'Andreanne', '1956-12-21', '2112956908016', '26733 Harris Forks Suite 605\nEast Izabellamouth, WA 18125', 'ž', 5, '2016-12-23', 1, '2018-03-02 14:08:34', '2018-03-02 14:08:34'),
(4, 14, 'Eleanore', 'Gleichner', 'Brayan', '1960-10-13', '1310960495727', '5218 Franecki Creek Apt. 734\nWest Melodyville, WY 06850', 'ž', 3, '2014-03-07', 1, '2018-03-02 14:08:34', '2018-03-02 14:08:34'),
(5, 11, 'Kobe', 'Hane', 'Neil', '1969-04-12', '1204969260867', '83640 Nader Oval Suite 719\nNew Lenniefort, NH 95788-3105', 'm', 6, '2015-03-29', 1, '2018-03-02 14:08:34', '2018-03-02 14:08:34'),
(6, 2, 'Payton', 'Lesch', 'Rogers', '1965-11-26', '2611965972039', '241 Ebert Pass\nWest Jerel, WA 78661', 'm', 2, '2013-01-04', 1, '2018-03-02 14:08:34', '2018-03-02 14:08:34');

-- --------------------------------------------------------

--
-- Table structure for table `professor_history`
--

CREATE TABLE `professor_history` (
  `id` int(10) UNSIGNED NOT NULL,
  `professor_id` int(10) UNSIGNED NOT NULL,
  `title_id` tinyint(3) UNSIGNED NOT NULL,
  `from_date` date NOT NULL,
  `to_date` date NOT NULL,
  `reappointment` tinyint(1) NOT NULL DEFAULT '0',
  `created_at` timestamp NULL DEFAULT NULL,
  `updated_at` timestamp NULL DEFAULT NULL
) ENGINE=InnoDB DEFAULT CHARSET=utf8mb4 COLLATE=utf8mb4_unicode_ci;

--
-- Dumping data for table `professor_history`
--

INSERT INTO `professor_history` (`id`, `professor_id`, `title_id`, `from_date`, `to_date`, `reappointment`, `created_at`, `updated_at`) VALUES
(1, 1, 2, '2009-09-12', '2014-09-12', 0, '2018-03-02 14:08:38', '2018-03-02 14:08:38'),
(2, 1, 1, '2004-09-12', '2009-09-12', 0, '2018-03-02 14:08:38', '2018-03-02 14:08:38'),
(3, 2, 1, '2008-12-31', '2013-12-31', 0, '2018-03-02 14:08:38', '2018-03-02 14:08:38'),
(4, 3, 4, '2011-12-23', '2016-12-23', 0, '2018-03-02 14:08:38', '2018-03-02 14:08:38'),
(5, 3, 3, '2006-12-23', '2011-12-23', 0, '2018-03-02 14:08:38', '2018-03-02 14:08:38'),
(6, 3, 2, '2001-12-23', '2006-12-23', 0, '2018-03-02 14:08:38', '2018-03-02 14:08:38'),
(7, 3, 1, '1996-12-23', '2001-12-23', 0, '2018-03-02 14:08:38', '2018-03-02 14:08:38'),
(8, 4, 2, '2009-03-07', '2014-03-07', 0, '2018-03-02 14:08:38', '2018-03-02 14:08:38'),
(9, 4, 1, '2004-03-07', '2009-03-07', 0, '2018-03-02 14:08:38', '2018-03-02 14:08:38'),
(10, 5, 5, '2010-03-29', '2015-03-29', 0, '2018-03-02 14:08:38', '2018-03-02 14:08:38'),
(11, 5, 4, '2005-03-29', '2010-03-29', 0, '2018-03-02 14:08:38', '2018-03-02 14:08:38'),
(12, 5, 3, '2000-03-29', '2005-03-29', 0, '2018-03-02 14:08:38', '2018-03-02 14:08:38'),
(13, 5, 2, '1995-03-29', '2000-03-29', 0, '2018-03-02 14:08:38', '2018-03-02 14:08:38'),
(14, 5, 1, '1990-03-29', '1995-03-29', 0, '2018-03-02 14:08:38', '2018-03-02 14:08:38'),
(15, 6, 1, '2008-01-04', '2013-01-04', 0, '2018-03-02 14:08:38', '2018-03-02 14:08:38');

-- --------------------------------------------------------

--
-- Table structure for table `professor_subject`
--

CREATE TABLE `professor_subject` (
  `id` int(10) UNSIGNED NOT NULL,
  `professor_id` int(10) UNSIGNED NOT NULL,
  `subject_id` int(10) UNSIGNED NOT NULL,
  `norm` decimal(5,2) NOT NULL DEFAULT '50.00',
  `school_year` smallint(6) NOT NULL
) ENGINE=InnoDB DEFAULT CHARSET=utf8mb4 COLLATE=utf8mb4_unicode_ci;

--
-- Dumping data for table `professor_subject`
--

INSERT INTO `professor_subject` (`id`, `professor_id`, `subject_id`, `norm`, `school_year`) VALUES
(1, 5, 1, '50.00', 2012),
(2, 6, 1, '50.00', 2012),
(3, 4, 2, '70.00', 2012),
(4, 6, 2, '30.00', 2012),
(5, 6, 3, '70.00', 2012),
(6, 1, 3, '30.00', 2012),
(7, 5, 4, '30.00', 2012),
(8, 1, 4, '70.00', 2012),
(9, 1, 5, '40.00', 2012),
(10, 4, 5, '60.00', 2012),
(11, 1, 6, '40.00', 2012),
(12, 4, 6, '60.00', 2012),
(13, 1, 7, '30.00', 2012),
(14, 3, 7, '70.00', 2012),
(15, 1, 8, '40.00', 2012),
(16, 5, 8, '60.00', 2012),
(17, 6, 9, '50.00', 2012),
(18, 5, 9, '50.00', 2012),
(19, 1, 10, '60.00', 2012),
(20, 6, 10, '40.00', 2012),
(21, 2, 11, '60.00', 2012),
(22, 4, 11, '40.00', 2012),
(23, 3, 12, '40.00', 2012),
(24, 5, 12, '60.00', 2012),
(25, 1, 13, '60.00', 2012),
(26, 3, 13, '40.00', 2012),
(27, 2, 14, '60.00', 2012),
(28, 5, 14, '40.00', 2012),
(29, 1, 15, '60.00', 2012),
(30, 5, 15, '40.00', 2012),
(31, 1, 16, '40.00', 2012),
(32, 6, 16, '60.00', 2012),
(33, 5, 17, '60.00', 2012),
(34, 1, 17, '40.00', 2012),
(35, 5, 18, '30.00', 2012),
(36, 4, 18, '70.00', 2012),
(37, 5, 19, '50.00', 2012),
(38, 2, 19, '50.00', 2012),
(39, 1, 20, '50.00', 2012),
(40, 2, 20, '50.00', 2012),
(41, 4, 21, '40.00', 2012),
(42, 6, 21, '60.00', 2012),
(43, 4, 22, '50.00', 2012),
(44, 1, 22, '50.00', 2012),
(45, 2, 23, '50.00', 2012),
(46, 6, 23, '50.00', 2012),
(47, 1, 24, '50.00', 2012),
(48, 5, 24, '50.00', 2012),
(49, 3, 25, '70.00', 2012),
(50, 4, 25, '30.00', 2012),
(51, 2, 26, '70.00', 2012),
(52, 5, 26, '30.00', 2012),
(53, 6, 27, '60.00', 2012),
(54, 5, 27, '40.00', 2012),
(55, 1, 28, '30.00', 2012),
(56, 6, 28, '70.00', 2012),
(57, 2, 1, '50.00', 2013),
(58, 3, 1, '50.00', 2013),
(59, 2, 2, '30.00', 2013),
(60, 5, 2, '70.00', 2013),
(61, 6, 3, '50.00', 2013),
(62, 3, 3, '50.00', 2013),
(63, 2, 4, '40.00', 2013),
(64, 6, 4, '60.00', 2013),
(65, 6, 5, '30.00', 2013),
(66, 1, 5, '70.00', 2013),
(67, 6, 6, '70.00', 2013),
(68, 1, 6, '30.00', 2013),
(69, 3, 7, '60.00', 2013),
(70, 1, 7, '40.00', 2013),
(71, 6, 8, '30.00', 2013),
(72, 3, 8, '70.00', 2013),
(73, 3, 9, '60.00', 2013),
(74, 4, 9, '40.00', 2013),
(75, 6, 10, '60.00', 2013),
(76, 5, 10, '40.00', 2013),
(77, 1, 11, '40.00', 2013),
(78, 2, 11, '60.00', 2013),
(79, 4, 12, '30.00', 2013),
(80, 6, 12, '70.00', 2013),
(81, 2, 13, '40.00', 2013),
(82, 6, 13, '60.00', 2013),
(83, 3, 14, '40.00', 2013),
(84, 1, 14, '60.00', 2013),
(85, 6, 15, '30.00', 2013),
(86, 5, 15, '70.00', 2013),
(87, 1, 16, '70.00', 2013),
(88, 6, 16, '30.00', 2013),
(89, 4, 17, '30.00', 2013),
(90, 6, 17, '70.00', 2013),
(91, 2, 18, '30.00', 2013),
(92, 4, 18, '70.00', 2013),
(93, 3, 19, '70.00', 2013),
(94, 4, 19, '30.00', 2013),
(95, 4, 20, '70.00', 2013),
(96, 2, 20, '30.00', 2013),
(97, 3, 21, '30.00', 2013),
(98, 6, 21, '70.00', 2013),
(99, 3, 22, '40.00', 2013),
(100, 6, 22, '60.00', 2013),
(101, 3, 23, '50.00', 2013),
(102, 2, 23, '50.00', 2013),
(103, 4, 24, '50.00', 2013),
(104, 5, 24, '50.00', 2013),
(105, 3, 25, '70.00', 2013),
(106, 4, 25, '30.00', 2013),
(107, 3, 26, '70.00', 2013),
(108, 6, 26, '30.00', 2013),
(109, 3, 27, '30.00', 2013),
(110, 4, 27, '70.00', 2013),
(111, 6, 28, '40.00', 2013),
(112, 1, 28, '60.00', 2013),
(113, 3, 1, '40.00', 2014),
(114, 6, 1, '60.00', 2014),
(115, 1, 2, '30.00', 2014),
(116, 4, 2, '70.00', 2014),
(117, 5, 3, '70.00', 2014),
(118, 2, 3, '30.00', 2014),
(119, 5, 4, '70.00', 2014),
(120, 4, 4, '30.00', 2014),
(121, 2, 5, '60.00', 2014),
(122, 4, 5, '40.00', 2014),
(123, 3, 6, '40.00', 2014),
(124, 1, 6, '60.00', 2014),
(125, 5, 7, '50.00', 2014),
(126, 6, 7, '50.00', 2014),
(127, 3, 8, '30.00', 2014),
(128, 1, 8, '70.00', 2014),
(129, 6, 9, '60.00', 2014),
(130, 1, 9, '40.00', 2014),
(131, 3, 10, '70.00', 2014),
(132, 5, 10, '30.00', 2014),
(133, 2, 11, '30.00', 2014),
(134, 3, 11, '70.00', 2014),
(135, 2, 12, '40.00', 2014),
(136, 5, 12, '60.00', 2014),
(137, 3, 13, '60.00', 2014),
(138, 2, 13, '40.00', 2014),
(139, 6, 14, '50.00', 2014),
(140, 1, 14, '50.00', 2014),
(141, 2, 15, '30.00', 2014),
(142, 3, 15, '70.00', 2014),
(143, 4, 16, '60.00', 2014),
(144, 6, 16, '40.00', 2014),
(145, 1, 17, '30.00', 2014),
(146, 3, 17, '70.00', 2014),
(147, 5, 18, '60.00', 2014),
(148, 4, 18, '40.00', 2014),
(149, 1, 19, '60.00', 2014),
(150, 6, 19, '40.00', 2014),
(151, 6, 20, '30.00', 2014),
(152, 3, 20, '70.00', 2014),
(153, 5, 21, '60.00', 2014),
(154, 6, 21, '40.00', 2014),
(155, 4, 22, '70.00', 2014),
(156, 1, 22, '30.00', 2014),
(157, 2, 23, '60.00', 2014),
(158, 6, 23, '40.00', 2014),
(159, 1, 24, '50.00', 2014),
(160, 3, 24, '50.00', 2014),
(161, 2, 25, '40.00', 2014),
(162, 4, 25, '60.00', 2014),
(163, 5, 26, '30.00', 2014),
(164, 1, 26, '70.00', 2014),
(165, 6, 27, '60.00', 2014),
(166, 3, 27, '40.00', 2014),
(167, 1, 28, '30.00', 2014),
(168, 5, 28, '70.00', 2014),
(169, 2, 1, '60.00', 2015),
(170, 4, 1, '40.00', 2015),
(171, 5, 2, '30.00', 2015),
(172, 1, 2, '70.00', 2015),
(173, 2, 3, '70.00', 2015),
(174, 1, 3, '30.00', 2015),
(175, 2, 4, '70.00', 2015),
(176, 1, 4, '30.00', 2015),
(177, 5, 5, '70.00', 2015),
(178, 3, 5, '30.00', 2015),
(179, 6, 6, '60.00', 2015),
(180, 2, 6, '40.00', 2015),
(181, 3, 7, '70.00', 2015),
(182, 4, 7, '30.00', 2015),
(183, 4, 8, '60.00', 2015),
(184, 3, 8, '40.00', 2015),
(185, 1, 9, '30.00', 2015),
(186, 2, 9, '70.00', 2015),
(187, 5, 10, '70.00', 2015),
(188, 1, 10, '30.00', 2015),
(189, 3, 11, '40.00', 2015),
(190, 4, 11, '60.00', 2015),
(191, 4, 12, '60.00', 2015),
(192, 1, 12, '40.00', 2015),
(193, 2, 13, '30.00', 2015),
(194, 5, 13, '70.00', 2015),
(195, 1, 14, '70.00', 2015),
(196, 2, 14, '30.00', 2015),
(197, 1, 15, '60.00', 2015),
(198, 2, 15, '40.00', 2015),
(199, 6, 16, '50.00', 2015),
(200, 5, 16, '50.00', 2015),
(201, 1, 17, '40.00', 2015),
(202, 6, 17, '60.00', 2015),
(203, 5, 18, '50.00', 2015),
(204, 6, 18, '50.00', 2015),
(205, 5, 19, '70.00', 2015),
(206, 3, 19, '30.00', 2015),
(207, 6, 20, '40.00', 2015),
(208, 1, 20, '60.00', 2015),
(209, 2, 21, '60.00', 2015),
(210, 5, 21, '40.00', 2015),
(211, 3, 22, '50.00', 2015),
(212, 5, 22, '50.00', 2015),
(213, 6, 23, '50.00', 2015),
(214, 4, 23, '50.00', 2015),
(215, 1, 24, '30.00', 2015),
(216, 5, 24, '70.00', 2015),
(217, 2, 25, '60.00', 2015),
(218, 4, 25, '40.00', 2015),
(219, 5, 26, '60.00', 2015),
(220, 2, 26, '40.00', 2015),
(221, 6, 27, '30.00', 2015),
(222, 3, 27, '70.00', 2015),
(223, 6, 28, '40.00', 2015),
(224, 4, 28, '60.00', 2015),
(225, 6, 1, '50.00', 2016),
(226, 1, 1, '50.00', 2016),
(227, 5, 2, '40.00', 2016),
(228, 3, 2, '60.00', 2016),
(229, 4, 3, '30.00', 2016),
(230, 6, 3, '70.00', 2016),
(231, 5, 4, '70.00', 2016),
(232, 2, 4, '30.00', 2016),
(233, 6, 5, '40.00', 2016),
(234, 1, 5, '60.00', 2016),
(235, 4, 6, '40.00', 2016),
(236, 6, 6, '60.00', 2016),
(237, 6, 7, '30.00', 2016),
(238, 4, 7, '70.00', 2016),
(239, 6, 8, '60.00', 2016),
(240, 3, 8, '40.00', 2016),
(241, 3, 9, '50.00', 2016),
(242, 1, 9, '50.00', 2016),
(243, 6, 10, '60.00', 2016),
(244, 4, 10, '40.00', 2016),
(245, 2, 11, '30.00', 2016),
(246, 6, 11, '70.00', 2016),
(247, 6, 12, '50.00', 2016),
(248, 2, 12, '50.00', 2016),
(249, 4, 13, '60.00', 2016),
(250, 6, 13, '40.00', 2016),
(251, 1, 14, '30.00', 2016),
(252, 4, 14, '70.00', 2016),
(253, 2, 15, '60.00', 2016),
(254, 6, 15, '40.00', 2016),
(255, 4, 16, '50.00', 2016),
(256, 1, 16, '50.00', 2016),
(257, 5, 17, '30.00', 2016),
(258, 1, 17, '70.00', 2016),
(259, 4, 18, '50.00', 2016),
(260, 2, 18, '50.00', 2016),
(261, 3, 19, '30.00', 2016),
(262, 1, 19, '70.00', 2016),
(263, 1, 20, '40.00', 2016),
(264, 4, 20, '60.00', 2016),
(265, 3, 21, '70.00', 2016),
(266, 4, 21, '30.00', 2016),
(267, 6, 22, '70.00', 2016),
(268, 3, 22, '30.00', 2016),
(269, 6, 23, '60.00', 2016),
(270, 3, 23, '40.00', 2016),
(271, 5, 24, '70.00', 2016),
(272, 2, 24, '30.00', 2016),
(273, 6, 25, '70.00', 2016),
(274, 3, 25, '30.00', 2016),
(275, 5, 26, '70.00', 2016),
(276, 1, 26, '30.00', 2016),
(277, 1, 27, '50.00', 2016),
(278, 3, 27, '50.00', 2016),
(279, 6, 28, '70.00', 2016),
(280, 3, 28, '30.00', 2016);

-- --------------------------------------------------------

--
-- Table structure for table `roles`
--

CREATE TABLE `roles` (
  `id` tinyint(3) UNSIGNED NOT NULL,
  `name` varchar(191) COLLATE utf8mb4_unicode_ci NOT NULL
) ENGINE=InnoDB DEFAULT CHARSET=utf8mb4 COLLATE=utf8mb4_unicode_ci;

--
-- Dumping data for table `roles`
--

INSERT INTO `roles` (`id`, `name`) VALUES
(1, 'Administrator'),
(2, 'Profesor'),
(3, 'Student');

-- --------------------------------------------------------

--
-- Table structure for table `students`
--

CREATE TABLE `students` (
  `id` int(10) UNSIGNED NOT NULL,
  `user_id` int(10) UNSIGNED NOT NULL,
  `first_name` varchar(191) COLLATE utf8mb4_unicode_ci NOT NULL,
  `last_name` varchar(191) COLLATE utf8mb4_unicode_ci NOT NULL,
  `parent_name` varchar(191) COLLATE utf8mb4_unicode_ci NOT NULL,
  `date_of_birth` date NOT NULL,
  `jmbg` varchar(13) COLLATE utf8mb4_unicode_ci NOT NULL,
  `index_number` varchar(9) COLLATE utf8mb4_unicode_ci NOT NULL,
  `street_address` varchar(191) COLLATE utf8mb4_unicode_ci NOT NULL,
  `gender` varchar(1) COLLATE utf8mb4_unicode_ci NOT NULL,
  `module_id` tinyint(3) UNSIGNED NOT NULL,
  `created_at` timestamp NULL DEFAULT NULL,
  `updated_at` timestamp NULL DEFAULT NULL
) ENGINE=InnoDB DEFAULT CHARSET=utf8mb4 COLLATE=utf8mb4_unicode_ci;

--
-- Dumping data for table `students`
--

INSERT INTO `students` (`id`, `user_id`, `first_name`, `last_name`, `parent_name`, `date_of_birth`, `jmbg`, `index_number`, `street_address`, `gender`, `module_id`, `created_at`, `updated_at`) VALUES
(1, 3, 'Lucius', 'Tillman', 'Kris', '1995-02-05', '0502995221893', '2014/0871', '39576 Moore Terrace\nNorth Larontown, HI 20578-3014', 'm', 2, '2018-03-02 14:08:34', '2018-03-02 14:08:34'),
(2, 12, 'Shaylee', 'Nikolaus', 'Lindsay', '1994-04-01', '0104994878820', '2013/0546', '197 Mariela Canyon Suite 956\nKoelpinstad, HI 65074', 'ž', 2, '2018-03-02 14:08:34', '2018-03-02 14:08:34'),
(3, 15, 'Lavonne', 'Nitzsche', 'Maria', '1995-06-05', '0506995865582', '2014/0139', '56187 Benjamin Vista\nWest Christinaberg, CT 77597-3761', 'ž', 2, '2018-03-02 14:08:34', '2018-03-02 14:08:34'),
(4, 18, 'Ernie', 'Haley', 'Jody', '1995-04-28', '2804995459912', '2014/0817', '9007 Barton Corners Suite 854\nEast Alexandria, CT 12486-9212', 'm', 1, '2018-03-02 14:08:34', '2018-03-02 14:08:34'),
(5, 6, 'Antonio', 'Breitenberg', 'Lela', '1994-04-20', '2004994923919', '2013/0217', '75216 Vergie Lock Suite 021\nLake Danastad, MA 05131', 'm', 2, '2018-03-02 14:08:34', '2018-03-02 14:08:34'),
(6, 9, 'Ismael', 'Paucek', 'Kristoffer', '1994-03-09', '0903994679089', '2013/0194', '17693 Emie Crossroad Suite 529\nJimmieville, GA 93462-8422', 'm', 1, '2018-03-02 14:08:34', '2018-03-02 14:08:34');

-- --------------------------------------------------------

--
-- Table structure for table `student_subject`
--

CREATE TABLE `student_subject` (
  `id` int(10) UNSIGNED NOT NULL,
  `student_id` int(10) UNSIGNED NOT NULL,
  `subject_id` int(10) UNSIGNED NOT NULL
) ENGINE=InnoDB DEFAULT CHARSET=utf8mb4 COLLATE=utf8mb4_unicode_ci;

--
-- Dumping data for table `student_subject`
--

INSERT INTO `student_subject` (`id`, `student_id`, `subject_id`) VALUES
(1, 1, 1),
(2, 1, 5),
(3, 1, 6),
(4, 1, 8),
(5, 1, 12),
(6, 1, 14),
(7, 1, 15),
(8, 1, 19),
(9, 1, 21),
(10, 2, 1),
(11, 2, 5),
(12, 2, 6),
(13, 2, 8),
(14, 2, 12),
(15, 2, 14),
(16, 2, 15),
(17, 2, 19),
(18, 2, 20),
(19, 3, 1),
(20, 3, 5),
(21, 3, 7),
(22, 3, 8),
(23, 3, 12),
(24, 3, 14),
(25, 3, 15),
(26, 3, 19),
(27, 3, 21),
(28, 4, 1),
(29, 4, 2),
(30, 4, 4),
(31, 4, 8),
(32, 4, 9),
(33, 4, 11),
(34, 5, 1),
(35, 5, 5),
(36, 5, 7),
(37, 5, 8),
(38, 5, 12),
(39, 5, 14),
(40, 5, 15),
(41, 5, 19),
(42, 5, 21),
(43, 6, 1),
(44, 6, 2),
(45, 6, 4);

-- --------------------------------------------------------

--
-- Table structure for table `subjects`
--

CREATE TABLE `subjects` (
  `id` int(10) UNSIGNED NOT NULL,
  `name` varchar(191) COLLATE utf8mb4_unicode_ci NOT NULL,
  `acronym` varchar(191) COLLATE utf8mb4_unicode_ci NOT NULL,
  `lecture` tinyint(4) NOT NULL,
  `exercise` tinyint(4) NOT NULL,
  `lab` tinyint(4) NOT NULL,
  `credit` tinyint(4) NOT NULL,
  `student_year` tinyint(4) NOT NULL
) ENGINE=InnoDB DEFAULT CHARSET=utf8mb4 COLLATE=utf8mb4_unicode_ci;

--
-- Dumping data for table `subjects`
--

INSERT INTO `subjects` (`id`, `name`, `acronym`, `lecture`, `exercise`, `lab`, `credit`, `student_year`) VALUES
(1, 'Ut facilis quia nemo.', 'Minus vel.', 2, 1, 1, 20, 1),
(2, 'Molestias asperiores eum incidunt.', 'Aut nostrum.', 2, 3, 1, 20, 1),
(3, 'Ullam inventore dicta.', 'Nihil.', 2, 2, 1, 20, 1),
(4, 'Voluptatibus ut dolorum.', 'Ut.', 2, 3, 2, 20, 1),
(5, 'Quia consequatur labore et.', 'Facilis suscipit.', 2, 3, 1, 20, 1),
(6, 'Numquam voluptas autem sunt.', 'Tenetur nam.', 1, 2, 3, 20, 1),
(7, 'Non quia molestias.', 'Optio.', 2, 3, 1, 20, 1),
(8, 'Aspernatur et vel fugit quos.', 'Aut.', 2, 1, 3, 20, 2),
(9, 'Amet quia deleniti.', 'Incidunt.', 3, 3, 2, 20, 2),
(10, 'Numquam nisi magnam.', 'Odit magni.', 1, 1, 2, 20, 2),
(11, 'Eum et dolorem quas.', 'Veritatis.', 3, 1, 1, 20, 2),
(12, 'Ut voluptatem esse dolorum et.', 'Porro.', 1, 1, 1, 20, 2),
(13, 'Neque et quia dolorem.', 'Sit.', 2, 3, 1, 20, 2),
(14, 'Architecto eos sed.', 'Eveniet rem.', 3, 1, 1, 20, 2),
(15, 'Porro et molestiae.', 'Doloremque.', 2, 3, 2, 20, 3),
(16, 'Assumenda at aut.', 'Qui voluptas.', 3, 2, 3, 20, 3),
(17, 'Sunt vitae rerum et.', 'Quam debitis.', 1, 2, 3, 20, 3),
(18, 'Aut quod voluptas et.', 'Et et.', 1, 2, 1, 20, 3),
(19, 'Corporis nam et natus.', 'Dolorem explicabo.', 2, 3, 2, 20, 3),
(20, 'Earum maiores cumque.', 'Excepturi necessitatibus.', 3, 2, 3, 20, 3),
(21, 'Eum illo quas expedita.', 'Explicabo quis.', 2, 1, 3, 20, 3),
(22, 'Autem odio neque asperiores.', 'Aut quis.', 1, 3, 1, 20, 4),
(23, 'Ipsam illum consectetur vero.', 'Aliquam iure.', 2, 3, 1, 20, 4),
(24, 'At nihil tempore.', 'Ad.', 3, 1, 1, 20, 4),
(25, 'Tempore illum repellendus mollitia.', 'Placeat.', 2, 1, 2, 20, 4),
(26, 'Et voluptatem tempore sit.', 'Non.', 3, 2, 2, 20, 4),
(27, 'Doloremque mollitia.', 'Sed.', 2, 1, 1, 20, 4),
(28, 'Delectus commodi facilis sit.', 'Voluptatem nostrum.', 3, 1, 2, 20, 4);

-- --------------------------------------------------------

--
-- Table structure for table `titles`
--

CREATE TABLE `titles` (
  `id` tinyint(3) UNSIGNED NOT NULL,
  `name` varchar(191) COLLATE utf8mb4_unicode_ci NOT NULL
) ENGINE=InnoDB DEFAULT CHARSET=utf8mb4 COLLATE=utf8mb4_unicode_ci;

--
-- Dumping data for table `titles`
--

INSERT INTO `titles` (`id`, `name`) VALUES
(1, 'Saradnik u nastavi'),
(2, 'Asistent'),
(3, 'Docent'),
(4, 'Vanredni profesor'),
(5, 'Redovni profesor'),
(6, 'Emeritus');

-- --------------------------------------------------------

--
-- Table structure for table `users`
--

CREATE TABLE `users` (
  `id` int(10) UNSIGNED NOT NULL,
  `name` varchar(191) COLLATE utf8mb4_unicode_ci NOT NULL,
  `email` varchar(191) COLLATE utf8mb4_unicode_ci NOT NULL,
  `password` varchar(191) COLLATE utf8mb4_unicode_ci NOT NULL,
  `role_id` tinyint(3) UNSIGNED NOT NULL,
  `img_name` varchar(191) COLLATE utf8mb4_unicode_ci NOT NULL DEFAULT 'user.jpg',
  `img_path` varchar(191) COLLATE utf8mb4_unicode_ci NOT NULL DEFAULT 'storage/',
  `remember_token` varchar(100) COLLATE utf8mb4_unicode_ci DEFAULT NULL,
  `created_at` timestamp NULL DEFAULT NULL,
  `updated_at` timestamp NULL DEFAULT NULL
) ENGINE=InnoDB DEFAULT CHARSET=utf8mb4 COLLATE=utf8mb4_unicode_ci;

--
-- Dumping data for table `users`
--

INSERT INTO `users` (`id`, `name`, `email`, `password`, `role_id`, `img_name`, `img_path`, `remember_token`, `created_at`, `updated_at`) VALUES
(1, 'Admin1', 'isaias.schimmel@example.org', '$2y$10$XyNR/eVeXncP1a5rX6q3k.e4UzkUYS8Gz4MGGssa8sQmdsIHekfdi', 1, 'user.jpg', 'storage/', 'rEcN2xQFMa', '2018-03-02 14:08:17', '2018-03-02 14:08:17'),
(2, 'Prof1', 'schoen.steve@example.net', '$2y$10$OxZ1tR9hPzsHXag7GQx2vO3j44dLcNJ8yGMbwFqhPpky7VieSPTsW', 2, 'user.jpg', 'storage/', 'QAAtLXQF8D', '2018-03-02 14:08:17', '2018-03-02 14:08:17'),
(3, 'Student1', 'bashirian.deion@example.com', '$2y$10$7YmD0bjeQx0/lc0VzIe9meYilZdzAIGR/ZbjzPtW5z/Inls.ruTMa', 3, 'user.jpg', 'storage/', 'gcElsGW4oL', '2018-03-02 14:08:17', '2018-03-02 14:08:17'),
(4, 'Admin2', 'kory44@example.com', '$2y$10$DRIJq7bE.xw3y6/gtOEioerquQOcICzE43cUx22r6N/Jm4pv1LFrO', 1, 'user.jpg', 'storage/', '9dphWIe9mA', '2018-03-02 14:08:17', '2018-03-02 14:08:17'),
(5, 'Prof2', 'ukreiger@example.com', '$2y$10$GBO3rsH8pJee/AGBQ5QD8egnhF/5eI.bCmua6vPOw5jjlY9fvVSNy', 2, 'user.jpg', 'storage/', 'Kegpf0epZW', '2018-03-02 14:08:18', '2018-03-02 14:08:18'),
(6, 'Student2', 'ada95@example.net', '$2y$10$XOzm9yxtRk.mnX4r9xXzuef777FnoErEerJhfuAgGcZ8rqRZQMZEW', 3, 'user.jpg', 'storage/', 'EiHXVc6h4S', '2018-03-02 14:08:18', '2018-03-02 14:08:18'),
(7, 'Admin3', 'luigi44@example.net', '$2y$10$xZ98VLnGobnrUQMUw/S20.B/rE77KOeTKvm.ClKF7nk5Um5PYriIu', 1, 'user.jpg', 'storage/', 'T2aBQyBdmG', '2018-03-02 14:08:18', '2018-03-02 14:08:18'),
(8, 'Prof3', 'dana.keeling@example.org', '$2y$10$XpAc0BDIPEUJaxCWwEc1W.cWl1/Ta/9bnZzQ4zew5AAejjs3U224G', 2, 'user.jpg', 'storage/', 'W3Vopscc2D', '2018-03-02 14:08:18', '2018-03-02 14:08:18'),
(9, 'Student3', 'jacinthe.beier@example.net', '$2y$10$u32ONE40.0/w6W3ZZrBu4ufIXiDZJJ7H9OmrvQLbr8yzaxwQPiyTe', 3, 'user.jpg', 'storage/', 'JXtbOnvuYP', '2018-03-02 14:08:18', '2018-03-02 14:08:18'),
(10, 'Admin4', 'macejkovic.marlon@example.com', '$2y$10$knX9LhndIQ3jHyOZrFhGlOBAXc1xyCBq2HgHtfbz1Kpirm.MRqqwm', 1, 'user.jpg', 'storage/', 'gesandUPIR', '2018-03-02 14:08:18', '2018-03-02 14:08:18'),
(11, 'Prof4', 'trinity43@example.com', '$2y$10$QDQKnVA6Ajy.Iu54D4A3ueuxFOpJ9v78IPTQeF63lt2GRqmgbOjDC', 2, 'user.jpg', 'storage/', 'bVnwKOeAyG', '2018-03-02 14:08:18', '2018-03-02 14:08:18'),
(12, 'Student4', 'bkuhn@example.com', '$2y$10$R5aIS8IN/C42QRBnbasUe.K792chHb14wlh6gq7Ptf0WM/HLbQSJC', 3, 'user.jpg', 'storage/', '4ZuWUeQZur', '2018-03-02 14:08:18', '2018-03-02 14:08:18'),
(13, 'Admin5', 'dickens.genevieve@example.com', '$2y$10$9JUT77FVPHzxe5Y0mL7/DuMztZbsPfpJSfjbP57EiSKBrHzQuJEbe', 1, 'user.jpg', 'storage/', 'VWn5xvRIoW', '2018-03-02 14:08:18', '2018-03-02 14:08:18'),
(14, 'Prof5', 'kenneth.shanahan@example.net', '$2y$10$BsON2NbfiHHtuSQn29ol..SlBbub9tp.gEvSTzy7g9RbdmJhzu5cG', 2, 'user.jpg', 'storage/', 'ps4zplNeYh', '2018-03-02 14:08:18', '2018-03-02 14:08:18'),
(15, 'Student5', 'helen18@example.org', '$2y$10$pGkJsEENrmMNgYs2tcgUMerKLkuoaDoo3zWUathZMcY88K4hGI4IG', 3, 'user.jpg', 'storage/', 'byYOj2zWcF', '2018-03-02 14:08:18', '2018-03-02 14:08:18'),
(16, 'Admin6', 'ctorp@example.net', '$2y$10$5rplaRwzIx/JOxQOefxYa.pLD2xeyIel5Psh/7YwFXipZe89xSzEm', 1, 'user.jpg', 'storage/', 'ubMORm0xQM', '2018-03-02 14:08:19', '2018-03-02 14:08:19'),
(17, 'Prof6', 'marion.waters@example.com', '$2y$10$MwexPj9RJiD61tElCc0.g.bGEsTWR3SRODaVkzEZwGbzet2vxOYx.', 2, 'user.jpg', 'storage/', 'Q0KAd6r7EZ', '2018-03-02 14:08:19', '2018-03-02 14:08:19'),
(18, 'Student6', 'eino.hammes@example.org', '$2y$10$xev9nUOtLtj/CmAKhTmAYunvtCKuLix2huwGnBxJbwbOfBU6B4VIG', 3, 'user.jpg', 'storage/', 'n5vqnOlLc8', '2018-03-02 14:08:19', '2018-03-02 14:08:19');

--
-- Indexes for dumped tables
--

--
-- Indexes for table `departments`
--
ALTER TABLE `departments`
  ADD PRIMARY KEY (`id`);

--
-- Indexes for table `enrollments`
--
ALTER TABLE `enrollments`
  ADD PRIMARY KEY (`id`),
  ADD KEY `enrollments_student_id_foreign` (`student_id`);

--
-- Indexes for table `exams`
--
ALTER TABLE `exams`
  ADD PRIMARY KEY (`id`),
  ADD KEY `exams_subject_id_foreign` (`subject_id`);

--
-- Indexes for table `exam_students`
--
ALTER TABLE `exam_students`
  ADD PRIMARY KEY (`id`),
  ADD KEY `exam_students_student_id_foreign` (`student_id`),
  ADD KEY `exam_students_exam_id_foreign` (`exam_id`);

--
-- Indexes for table `grades`
--
ALTER TABLE `grades`
  ADD PRIMARY KEY (`id`),
  ADD KEY `grades_exam_student_id_foreign` (`exam_student_id`),
  ADD KEY `grades_professor_id_foreign` (`professor_id`);

--
-- Indexes for table `migrations`
--
ALTER TABLE `migrations`
  ADD PRIMARY KEY (`id`);

--
-- Indexes for table `modules`
--
ALTER TABLE `modules`
  ADD PRIMARY KEY (`id`),
  ADD KEY `modules_department_id_foreign` (`department_id`);

--
-- Indexes for table `module_subject`
--
ALTER TABLE `module_subject`
  ADD PRIMARY KEY (`id`),
  ADD KEY `module_subject_module_id_foreign` (`module_id`),
  ADD KEY `module_subject_subject_id_foreign` (`subject_id`);

--
-- Indexes for table `options`
--
ALTER TABLE `options`
  ADD PRIMARY KEY (`id`),
  ADD KEY `options_role_id_foreign` (`role_id`);

--
-- Indexes for table `password_resets`
--
ALTER TABLE `password_resets`
  ADD KEY `password_resets_email_index` (`email`),
  ADD KEY `password_resets_token_index` (`token`);

--
-- Indexes for table `professors`
--
ALTER TABLE `professors`
  ADD PRIMARY KEY (`id`),
  ADD KEY `professors_user_id_foreign` (`user_id`),
  ADD KEY `professors_title_id_foreign` (`title_id`),
  ADD KEY `professors_department_id_foreign` (`department_id`);

--
-- Indexes for table `professor_history`
--
ALTER TABLE `professor_history`
  ADD PRIMARY KEY (`id`),
  ADD KEY `professor_history_professor_id_foreign` (`professor_id`),
  ADD KEY `professor_history_title_id_foreign` (`title_id`);

--
-- Indexes for table `professor_subject`
--
ALTER TABLE `professor_subject`
  ADD PRIMARY KEY (`id`),
  ADD KEY `professor_subject_professor_id_foreign` (`professor_id`),
  ADD KEY `professor_subject_subject_id_foreign` (`subject_id`);

--
-- Indexes for table `roles`
--
ALTER TABLE `roles`
  ADD PRIMARY KEY (`id`);

--
-- Indexes for table `students`
--
ALTER TABLE `students`
  ADD PRIMARY KEY (`id`),
  ADD KEY `students_user_id_foreign` (`user_id`),
  ADD KEY `students_module_id_foreign` (`module_id`);

--
-- Indexes for table `student_subject`
--
ALTER TABLE `student_subject`
  ADD PRIMARY KEY (`id`),
  ADD KEY `student_subject_student_id_foreign` (`student_id`),
  ADD KEY `student_subject_subject_id_foreign` (`subject_id`);

--
-- Indexes for table `subjects`
--
ALTER TABLE `subjects`
  ADD PRIMARY KEY (`id`);

--
-- Indexes for table `titles`
--
ALTER TABLE `titles`
  ADD PRIMARY KEY (`id`);

--
-- Indexes for table `users`
--
ALTER TABLE `users`
  ADD PRIMARY KEY (`id`),
  ADD UNIQUE KEY `users_name_unique` (`name`),
  ADD UNIQUE KEY `users_email_unique` (`email`),
  ADD KEY `users_role_id_foreign` (`role_id`);

--
-- AUTO_INCREMENT for dumped tables
--

--
-- AUTO_INCREMENT for table `departments`
--
ALTER TABLE `departments`
  MODIFY `id` tinyint(3) UNSIGNED NOT NULL AUTO_INCREMENT, AUTO_INCREMENT=2;
--
-- AUTO_INCREMENT for table `enrollments`
--
ALTER TABLE `enrollments`
  MODIFY `id` int(10) UNSIGNED NOT NULL AUTO_INCREMENT, AUTO_INCREMENT=28;
--
-- AUTO_INCREMENT for table `exams`
--
ALTER TABLE `exams`
  MODIFY `id` int(10) UNSIGNED NOT NULL AUTO_INCREMENT, AUTO_INCREMENT=533;
--
-- AUTO_INCREMENT for table `exam_students`
--
ALTER TABLE `exam_students`
  MODIFY `id` int(10) UNSIGNED NOT NULL AUTO_INCREMENT, AUTO_INCREMENT=71;
--
-- AUTO_INCREMENT for table `grades`
--
ALTER TABLE `grades`
  MODIFY `id` int(10) UNSIGNED NOT NULL AUTO_INCREMENT, AUTO_INCREMENT=71;
--
-- AUTO_INCREMENT for table `migrations`
--
ALTER TABLE `migrations`
  MODIFY `id` int(10) UNSIGNED NOT NULL AUTO_INCREMENT, AUTO_INCREMENT=19;
--
-- AUTO_INCREMENT for table `modules`
--
ALTER TABLE `modules`
  MODIFY `id` tinyint(3) UNSIGNED NOT NULL AUTO_INCREMENT, AUTO_INCREMENT=3;
--
-- AUTO_INCREMENT for table `module_subject`
--
ALTER TABLE `module_subject`
  MODIFY `id` int(10) UNSIGNED NOT NULL AUTO_INCREMENT, AUTO_INCREMENT=33;
--
-- AUTO_INCREMENT for table `options`
--
ALTER TABLE `options`
  MODIFY `id` int(10) UNSIGNED NOT NULL AUTO_INCREMENT, AUTO_INCREMENT=15;
--
-- AUTO_INCREMENT for table `professors`
--
ALTER TABLE `professors`
  MODIFY `id` int(10) UNSIGNED NOT NULL AUTO_INCREMENT, AUTO_INCREMENT=7;
--
-- AUTO_INCREMENT for table `professor_history`
--
ALTER TABLE `professor_history`
  MODIFY `id` int(10) UNSIGNED NOT NULL AUTO_INCREMENT, AUTO_INCREMENT=16;
--
-- AUTO_INCREMENT for table `professor_subject`
--
ALTER TABLE `professor_subject`
  MODIFY `id` int(10) UNSIGNED NOT NULL AUTO_INCREMENT, AUTO_INCREMENT=281;
--
-- AUTO_INCREMENT for table `roles`
--
ALTER TABLE `roles`
  MODIFY `id` tinyint(3) UNSIGNED NOT NULL AUTO_INCREMENT, AUTO_INCREMENT=4;
--
-- AUTO_INCREMENT for table `students`
--
ALTER TABLE `students`
  MODIFY `id` int(10) UNSIGNED NOT NULL AUTO_INCREMENT, AUTO_INCREMENT=7;
--
-- AUTO_INCREMENT for table `student_subject`
--
ALTER TABLE `student_subject`
  MODIFY `id` int(10) UNSIGNED NOT NULL AUTO_INCREMENT, AUTO_INCREMENT=46;
--
-- AUTO_INCREMENT for table `subjects`
--
ALTER TABLE `subjects`
  MODIFY `id` int(10) UNSIGNED NOT NULL AUTO_INCREMENT, AUTO_INCREMENT=29;
--
-- AUTO_INCREMENT for table `titles`
--
ALTER TABLE `titles`
  MODIFY `id` tinyint(3) UNSIGNED NOT NULL AUTO_INCREMENT, AUTO_INCREMENT=7;
--
-- AUTO_INCREMENT for table `users`
--
ALTER TABLE `users`
  MODIFY `id` int(10) UNSIGNED NOT NULL AUTO_INCREMENT, AUTO_INCREMENT=19;
--
-- Constraints for dumped tables
--

--
-- Constraints for table `enrollments`
--
ALTER TABLE `enrollments`
  ADD CONSTRAINT `enrollments_student_id_foreign` FOREIGN KEY (`student_id`) REFERENCES `students` (`id`);

--
-- Constraints for table `exams`
--
ALTER TABLE `exams`
  ADD CONSTRAINT `exams_subject_id_foreign` FOREIGN KEY (`subject_id`) REFERENCES `subjects` (`id`);

--
-- Constraints for table `exam_students`
--
ALTER TABLE `exam_students`
  ADD CONSTRAINT `exam_students_exam_id_foreign` FOREIGN KEY (`exam_id`) REFERENCES `exams` (`id`),
  ADD CONSTRAINT `exam_students_student_id_foreign` FOREIGN KEY (`student_id`) REFERENCES `students` (`id`);

--
-- Constraints for table `grades`
--
ALTER TABLE `grades`
  ADD CONSTRAINT `grades_exam_student_id_foreign` FOREIGN KEY (`exam_student_id`) REFERENCES `exam_students` (`id`),
  ADD CONSTRAINT `grades_professor_id_foreign` FOREIGN KEY (`professor_id`) REFERENCES `professors` (`id`);

--
-- Constraints for table `modules`
--
ALTER TABLE `modules`
  ADD CONSTRAINT `modules_department_id_foreign` FOREIGN KEY (`department_id`) REFERENCES `departments` (`id`);

--
-- Constraints for table `module_subject`
--
ALTER TABLE `module_subject`
  ADD CONSTRAINT `module_subject_module_id_foreign` FOREIGN KEY (`module_id`) REFERENCES `modules` (`id`),
  ADD CONSTRAINT `module_subject_subject_id_foreign` FOREIGN KEY (`subject_id`) REFERENCES `subjects` (`id`);

--
-- Constraints for table `options`
--
ALTER TABLE `options`
  ADD CONSTRAINT `options_role_id_foreign` FOREIGN KEY (`role_id`) REFERENCES `roles` (`id`);

--
-- Constraints for table `professors`
--
ALTER TABLE `professors`
  ADD CONSTRAINT `professors_department_id_foreign` FOREIGN KEY (`department_id`) REFERENCES `departments` (`id`),
  ADD CONSTRAINT `professors_title_id_foreign` FOREIGN KEY (`title_id`) REFERENCES `titles` (`id`),
  ADD CONSTRAINT `professors_user_id_foreign` FOREIGN KEY (`user_id`) REFERENCES `users` (`id`);

--
-- Constraints for table `professor_history`
--
ALTER TABLE `professor_history`
  ADD CONSTRAINT `professor_history_professor_id_foreign` FOREIGN KEY (`professor_id`) REFERENCES `professors` (`id`),
  ADD CONSTRAINT `professor_history_title_id_foreign` FOREIGN KEY (`title_id`) REFERENCES `titles` (`id`);

--
-- Constraints for table `professor_subject`
--
ALTER TABLE `professor_subject`
  ADD CONSTRAINT `professor_subject_professor_id_foreign` FOREIGN KEY (`professor_id`) REFERENCES `professors` (`id`),
  ADD CONSTRAINT `professor_subject_subject_id_foreign` FOREIGN KEY (`subject_id`) REFERENCES `subjects` (`id`);

--
-- Constraints for table `students`
--
ALTER TABLE `students`
  ADD CONSTRAINT `students_module_id_foreign` FOREIGN KEY (`module_id`) REFERENCES `modules` (`id`),
  ADD CONSTRAINT `students_user_id_foreign` FOREIGN KEY (`user_id`) REFERENCES `users` (`id`);

--
-- Constraints for table `student_subject`
--
ALTER TABLE `student_subject`
  ADD CONSTRAINT `student_subject_student_id_foreign` FOREIGN KEY (`student_id`) REFERENCES `students` (`id`),
  ADD CONSTRAINT `student_subject_subject_id_foreign` FOREIGN KEY (`subject_id`) REFERENCES `subjects` (`id`);

--
-- Constraints for table `users`
--
ALTER TABLE `users`
  ADD CONSTRAINT `users_role_id_foreign` FOREIGN KEY (`role_id`) REFERENCES `roles` (`id`);

/*!40101 SET CHARACTER_SET_CLIENT=@OLD_CHARACTER_SET_CLIENT */;
/*!40101 SET CHARACTER_SET_RESULTS=@OLD_CHARACTER_SET_RESULTS */;
/*!40101 SET COLLATION_CONNECTION=@OLD_COLLATION_CONNECTION */;
